"model_id","ae_median_scaled_relative_skill","ae_median","wis_scaled_relative_skill","wis","interval_coverage_95","n"
"GZNL-ExponentialSmoothing",1,0.00116666666666667,1,0.0212480434782609,1,18
"GZNL-SeasonalDecomposition",1.12983096390975,0.00116666666666667,1.00442079106306,0.0213289855072464,1,18
"GZNL-SimpleTrend",0.608087644089015,0.000666666666666667,1.00607587058485,0.0213783333333333,1,18
"MUST-SEIRS",681.290121399339,0.85015757,38.6218676726683,0.78535000684,0,1
"XMU_CTModelling-FNN",451.797316351271,0.523203093047355,23.8168656786644,0.510349995076023,0,11
"XMU_CTModelling-GRU",454.69775287837,0.526004683614909,24.0452676128349,0.514173172079294,0,11
"XMU_CTModelling-LSTM",451.981607405053,0.523981810882773,23.9121287257353,0.51271164270138,0,11
"XMU_CTModelling-TCN",450.150933936928,0.522216770966076,23.5774497819817,0.506731795446864,0,11
"XMU_CTModelling-XGBoost",454.212610699558,0.525003180054806,23.9767671481866,0.51221760251567,0,11
