"model_id","horizon","ae_median_scaled_relative_skill","ae_median","wis_scaled_relative_skill","wis","interval_coverage_95","n"
"GZNL-ExponentialSmoothing",0,1,0.00116666666666667,1,0.0212480434782609,1,6
"GZNL-SeasonalDecomposition",0,0.869823710416393,0.00116666666666667,1.00519674434797,0.0213289855072464,1,6
"GZNL-SimpleTrend",0,0.457244222140471,0.000666666666666667,1.00599785325713,0.0213783333333333,1,6
"XMU_CTModelling-FNN",0,217.895132711318,0.253326746559173,9.16489906373987,0.194657240462042,1,4
"XMU_CTModelling-GRU",0,288.413299013728,0.335311770365904,11.070287767683,0.235126612196263,0.5,4
"XMU_CTModelling-LSTM",0,394.065791952909,0.458144263084355,13.8345258850353,0.293837456708742,0.75,4
"XMU_CTModelling-TCN",0,272.678850903459,0.317018766299773,9.24516106707795,0.196361959736644,1,4
"XMU_CTModelling-XGBoost",0,249.177384449432,0.289695760218421,11.1137828173891,0.236050422299426,0.75,4
