"model_id","location","ae_median_scaled_relative_skill","ae_median","wis_scaled_relative_skill","wis","interval_coverage_50","interval_coverage_95","n"
"GZNL-Exponential-Smoothing","CN",1,1.81714285714286,1,0.9215,0.857142857142857,1,7
"GZNL-Moving-Regression","CN",1.61713836477987,2.93857142857143,2.63391108879325,2.42714906832298,0,0.142857142857143,7
"GZNL-Seasonal-Decomposition","CN",1.22169811320755,2.22,1.38640415471669,1.27757142857143,0.428571428571429,1,7
"GZNL-Simple-Trend","CN",1.29166666666667,2.34714285714286,1.50689026465761,1.38859937888199,0.285714285714286,1,7
