"model_id","ae_median_scaled_relative_skill","ae_median","wis_scaled_relative_skill","wis","interval_coverage_50","interval_coverage_95","n"
"GZNL-Exponential-Smoothing",1,1.63,1,0.884229347826087,0.75,1,4
"GZNL-Moving-Regression",1.03067484662577,1.68,1.26760714009129,1.12085543478261,0,0.25,4
"GZNL-Seasonal-Decomposition",0.550613496932515,0.8975,0.958746931435013,0.847752173913044,0.5,1,4
"GZNL-Simple-Trend",2.07208588957055,3.3775,2.22288015478967,1.96553586956522,0,1,4
