"model_id","ae_median_scaled_relative_skill","ae_median","wis_scaled_relative_skill","wis","interval_coverage_50","interval_coverage_95","n"
"GZNL-ExponentialSmoothing",1,1.67833333333333,1,1.03890579710145,0.333333333333333,0.833333333333333,18
"GZNL-SeasonalDecomposition",1.00198609731877,1.68166666666667,1.38036744345012,1.43407173913043,0,0.166666666666667,18
"GZNL-SimpleTrend",0.922542204568024,1.54833333333333,1.22120053847066,1.26871231884058,0,0.333333333333333,18
